Model,Parameters,Trainable,Accuracy,Precision,Recall,F1-Score,Inference (ms),Training (s)
distilgpt2,N/A,16916,0.8807017543859649,0.8885453392184438,0.8895157260978912,0.8875375847642386,0.5810298286117874,N/A
Qwen/Qwen2.5-Coder-1.5B,N/A,2394644,0.8614035087719298,0.8581579915174545,0.8650283269651833,0.856457500534413,8.093194944875224,N/A
