{
  "config": {
    "model_name": "Salesforce/codet5p-220m",
    "data_path": "./ds.jsonl",
    "max_length": 512,
    "batch_size": 8,
    "learning_rate": 2e-05,
    "num_epochs": 10,
    "dropout": 0.3,
    "hidden_size": 256,
    "train_split": 0.7,
    "val_split": 0.15,
    "test_split": 0.15,
    "random_seed": 42,
    "use_focal_loss": true,
    "focal_alpha": 0.25,
    "focal_gamma": 2.0,
    "use_mixed_precision": true,
    "gradient_checkpointing": true,
    "use_lr_scheduler": true,
    "balance_classes": true
  },
  "best_val_f1": 0.7052469135802469,
  "test_metrics": {
    "loss": 0.038775842917698713,
    "accuracy": 0.590818363273453,
    "precision": 0.5568039950062422,
    "recall": 0.8902195608782435,
    "f1": 0.685099846390169,
    "roc_auc": 0.6670132788315584,
    "avg_precision": 0.6803874088882692
  },
  "training_history": {
    "train_loss": [
      0.04285856856556278,
      0.03901644725008064,
      0.03565416993311772,
      0.03213921568295855,
      0.0279416700471065,
      0.02347227415725372,
      0.019196477278107013,
      0.016011595958744157,
      0.013465249109399275,
      0.012002833322932855
    ],
    "train_acc": [
      0.5407835581245986,
      0.6159280667951188,
      0.6583172768143867,
      0.7216870049239992,
      0.7711410832798116,
      0.8261614215371441,
      0.8567758509955041,
      0.8861057589381289,
      0.8978805394990366,
      0.9113680154142582
    ],
    "train_f1": [
      0.5621555419473362,
      0.65893536121673,
      0.6933128362797848,
      0.7451979615836927,
      0.7837345741452559,
      0.8366854384553499,
      0.8616911308662394,
      0.8901734104046243,
      0.8993883147015398,
      0.9132802681189778
    ],
    "val_loss": [
      0.04168106931897383,
      0.03877905323096211,
      0.037079432373127295,
      0.03801558436160641,
      0.03985615491512276,
      0.05640508033106998,
      0.06969197694048662,
      0.08669317574747275,
      0.0990880991198032,
      0.11436997618993845
    ],
    "val_acc": [
      0.5314685314685315,
      0.6083916083916084,
      0.6183816183816184,
      0.6263736263736264,
      0.6493506493506493,
      0.6253746253746254,
      0.6463536463536463,
      0.6263736263736264,
      0.6313686313686314,
      0.6243756243756243
    ],
    "val_precision": [
      0.5369928400954654,
      0.5699481865284974,
      0.5741206030150754,
      0.6254980079681275,
      0.6137404580152672,
      0.6299376299376299,
      0.6356877323420075,
      0.6216216216216216,
      0.6228893058161351,
      0.625
    ],
    "val_recall": [
      0.45,
      0.88,
      0.914,
      0.628,
      0.804,
      0.606,
      0.684,
      0.644,
      0.664,
      0.62
    ],
    "val_f1": [
      0.4896626768226333,
      0.6918238993710691,
      0.7052469135802469,
      0.626746506986028,
      0.6961038961038961,
      0.617737003058104,
      0.6589595375722543,
      0.6326129666011788,
      0.6427879961277831,
      0.6224899598393574
    ],
    "val_roc_auc": [
      0.5878582834331336,
      0.6701676646706587,
      0.6967604790419163,
      0.7100978043912176,
      0.7150279441117764,
      0.7033992015968064,
      0.7027085828343314,
      0.7000858283433132,
      0.6991996007984032,
      0.6988962075848304
    ],
    "learning_rate": [
      2e-05,
      1.951301233713678e-05,
      1.8099719094030728e-05,
      1.589846326031011e-05,
      1.312471909403073e-05,
      1.0050000000000002e-05,
      6.975280905969275e-06,
      4.201536739689894e-06,
      2.0002809059692744e-06,
      5.869876628632225e-07
    ]
  },
  "timestamp": "2025-10-30 14:44:19"
}