{
  "config": {
    "model_name": "Salesforce/codet5p-220m",
    "data_path": "./ds.jsonl",
    "max_length": 512,
    "batch_size": 8,
    "learning_rate": 2e-05,
    "num_epochs": 10,
    "dropout": 0.3,
    "hidden_size": 256,
    "train_split": 0.7,
    "val_split": 0.15,
    "test_split": 0.15,
    "random_seed": 42,
    "use_focal_loss": false,
    "focal_alpha": 0.25,
    "focal_gamma": 2.0,
    "use_mixed_precision": true,
    "gradient_checkpointing": true,
    "use_lr_scheduler": false,
    "balance_classes": false
  },
  "best_val_f1": 0.5164644714038128,
  "test_metrics": {
    "loss": 0.6560032991967963,
    "accuracy": 0.6200743494423792,
    "precision": 0.49177877428998507,
    "recall": 0.658,
    "f1": 0.562874251497006,
    "roc_auc": 0.7155739644970414,
    "avg_precision": 0.6184223648853725
  },
  "training_history": {
    "train_loss": [
      0.642592679163453,
      0.5696080311088805,
      0.5197557248886983,
      0.46651003300004706,
      0.4077867659793538,
      0.3550692587901073,
      0.30302982573296616,
      0.2647967628992287,
      0.23213084769097103,
      0.2080096043978527
    ],
    "train_acc": [
      0.6258763543658381,
      0.6693753983428936,
      0.6931166347992351,
      0.73565965583174,
      0.7831421287444232,
      0.8170809432759719,
      0.8467176545570427,
      0.8679094964945825,
      0.880019120458891,
      0.8894200127469726
    ],
    "train_f1": [
      0.10313216195569137,
      0.36910915171784736,
      0.481421647819063,
      0.6195826645264848,
      0.7057297297297297,
      0.7530120481927711,
      0.7971320118093631,
      0.8259500314927567,
      0.8410386320455985,
      0.8524659863945578
    ],
    "val_loss": [
      0.6170854448566775,
      0.562911803024055,
      0.5984073032641551,
      0.6150876605475443,
      0.7019021174258734,
      0.6742018388925924,
      0.869068896276711,
      1.139370815993766,
      1.1187025796203218,
      1.296982255440547
    ],
    "val_acc": [
      0.6572490706319702,
      0.6646840148698885,
      0.6401486988847583,
      0.6133828996282528,
      0.6037174721189591,
      0.5851301115241636,
      0.5985130111524164,
      0.5955390334572491,
      0.6044609665427509,
      0.6089219330855019
    ],
    "val_precision": [
      0.9166666666666666,
      0.8787878787878788,
      0.5203836930455635,
      0.48148148148148145,
      0.4712230215827338,
      0.4563552833078101,
      0.46536412078152756,
      0.46286701208981,
      0.46893787575150303,
      0.4722838137472284
    ],
    "val_recall": [
      0.08782435129740519,
      0.1157684630738523,
      0.43313373253493015,
      0.4930139720558882,
      0.5229540918163673,
      0.5948103792415169,
      0.5229540918163673,
      0.5349301397205589,
      0.46706586826347307,
      0.4251497005988024
    ],
    "val_f1": [
      0.16029143897996356,
      0.20458553791887124,
      0.47276688453159044,
      0.48717948717948717,
      0.4957426679280984,
      0.5164644714038128,
      0.4924812030075188,
      0.4962962962962963,
      0.468,
      0.4474789915966387
    ],
    "val_roc_auc": [
      0.6595079982215664,
      0.6766679910321537,
      0.6997994532262488,
      0.6916687951111995,
      0.6959587933138462,
      0.6773183490838228,
      0.6854986709046362,
      0.6887102572106971,
      0.6838609510836148,
      0.6890129693220195
    ],
    "learning_rate": [
      2e-05,
      2e-05,
      2e-05,
      2e-05,
      2e-05,
      2e-05,
      2e-05,
      2e-05,
      2e-05,
      2e-05
    ]
  },
  "timestamp": "2025-10-30 13:32:19"
}