{
  "config": {
    "model_name": "Salesforce/codet5p-770m",
    "data_path": "./ds.jsonl",
    "max_length": 512,
    "batch_size": 8,
    "learning_rate": 2e-05,
    "num_epochs": 5,
    "dropout": 0.1,
    "train_split": 0.8,
    "val_split": 0.1,
    "test_split": 0.1,
    "random_seed": 42,
    "use_mixed_precision": true,
    "gradient_checkpointing": true,
    "gradient_accumulation_steps": 2
  },
  "best_val_f1": 0.5459610027855153,
  "test_metrics": {
    "loss": 0.6693062576572452,
    "accuracy": 0.620958751393534,
    "precision": 0.4918032786885246,
    "recall": 0.5389221556886228,
    "f1": 0.5142857142857142,
    "roc_auc": 0.7018857489284309
  },
  "training_history": {
    "train_loss": [
      0.609525654759827,
      0.5390681726743811,
      0.4755245527229713,
      0.4070718222304996,
      0.34338216515156206
    ],
    "train_acc": [
      0.6380368098159509,
      0.6843279419966537,
      0.7272727272727273,
      0.7764919129949804,
      0.8172058003346346
    ],
    "val_loss": [
      0.5661511669116738,
      0.5378491087297422,
      0.5485581683110347,
      0.6052358329823587,
      0.6658013100381446
    ],
    "val_acc": [
      0.6700111482720178,
      0.6767001114827201,
      0.7023411371237458,
      0.6365663322185061,
      0.6421404682274248
    ],
    "val_precision": [
      0.7065217391304348,
      0.6506849315068494,
      0.7637795275590551,
      0.5104166666666666,
      0.5209003215434084
    ],
    "val_recall": [
      0.19461077844311378,
      0.2844311377245509,
      0.2904191616766467,
      0.5868263473053892,
      0.48502994011976047
    ],
    "val_f1": [
      0.3051643192488263,
      0.3958333333333333,
      0.420824295010846,
      0.5459610027855153,
      0.5023255813953489
    ],
    "val_roc_auc": [
      0.6968336860914052,
      0.7253539102966359,
      0.7313100264834451,
      0.7355005796577361,
      0.7399889386413674
    ]
  },
  "timestamp": "2025-10-30 12:12:06"
}