{
  "train_loss": [
    2.1450843846655463,
    1.6490251886179723,
    1.4196688626629423,
    1.2687255241036177,
    1.170556598391191,
    1.0875607377504448,
    1.023144679715434,
    0.9730776548979292,
    0.9160455579301751,
    0.8718178653681421,
    0.8383744556189652,
    0.811835278612209,
    0.7713971404559109,
    0.7609502632482593,
    0.7236727119026432
  ],
  "train_acc": [
    0.3423288355822089,
    0.4992503748125937,
    0.5732133933033483,
    0.6176911544227887,
    0.6451774112943528,
    0.6661669165417291,
    0.6796601699150425,
    0.6956521739130435,
    0.7106446776611695,
    0.7286356821589205,
    0.7351324337831084,
    0.7541229385307346,
    0.7581209395302348,
    0.7591204397801099,
    0.7776111944027986
  ],
  "val_acc": [
    0.413953488372093,
    0.4930232558139535,
    0.5372093023255814,
    0.5720930232558139,
    0.5697674418604651,
    0.5837209302325581,
    0.5976744186046512,
    0.6093023255813953,
    0.641860465116279,
    0.6558139534883721,
    0.6069767441860465,
    0.6558139534883721,
    0.6697674418604651,
    0.6441860465116279,
    0.6813953488372093
  ],
  "val_f1": [
    0.34814469575578283,
    0.4416124042139278,
    0.5034159348283159,
    0.5399169665925713,
    0.5411895108647828,
    0.5437357535935815,
    0.5724498813596014,
    0.5848464127303462,
    0.6145694484500209,
    0.6199864007771503,
    0.5887365505220116,
    0.6411942990216793,
    0.6487943837144451,
    0.6303828643477146,
    0.6593058805036368
  ]
}