{
  "config": {
    "model_name": "Salesforce/codet5p-220m",
    "data_path": "./ds.jsonl",
    "max_length": 512,
    "batch_size": 8,
    "learning_rate": 2e-05,
    "num_epochs": 5,
    "dropout": 0.1,
    "train_split": 0.8,
    "val_split": 0.1,
    "test_split": 0.1,
    "random_seed": 42,
    "use_mixed_precision": true,
    "gradient_checkpointing": true,
    "gradient_accumulation_steps": 2
  },
  "best_val_f1": 0.46678023850085176,
  "test_metrics": {
    "loss": 0.5685455552508346,
    "accuracy": 0.6499442586399108,
    "precision": 0.5384615384615384,
    "recall": 0.41916167664670656,
    "f1": 0.4713804713804714,
    "roc_auc": 0.7079907680199105
  },
  "training_history": {
    "train_loss": [
      0.6379417743172534,
      0.5760071764688693,
      0.5300403617098179,
      0.49271975132068796,
      0.44387240761033403
    ],
    "train_acc": [
      0.6316229782487451,
      0.6617401003904071,
      0.6919966536530954,
      0.7161182375906302,
      0.745398773006135
    ],
    "val_loss": [
      0.5926102877190683,
      0.5575642089928146,
      0.5425201332674617,
      0.5420455753275778,
      0.593584947024299
    ],
    "val_acc": [
      0.6588628762541806,
      0.673355629877369,
      0.653288740245262,
      0.6510590858416946,
      0.6644370122630993
    ],
    "val_precision": [
      1.0,
      0.9361702127659575,
      0.5520361990950227,
      0.541501976284585,
      0.582089552238806
    ],
    "val_recall": [
      0.08383233532934131,
      0.1317365269461078,
      0.3652694610778443,
      0.4101796407185629,
      0.3502994011976048
    ],
    "val_f1": [
      0.15469613259668508,
      0.23097112860892388,
      0.43963963963963965,
      0.46678023850085176,
      0.4373831775700935
    ],
    "val_roc_auc": [
      0.6497112347241574,
      0.7081290350028184,
      0.712495080886185,
      0.7224396677338041,
      0.7300709415981537
    ]
  },
  "timestamp": "2025-10-27 17:49:54"
}