{
  "config": {
    "model_name": "Salesforce/codet5p-220m",
    "data_path": "./ds.jsonl",
    "max_length": 512,
    "batch_size": 8,
    "learning_rate": 2e-05,
    "num_epochs": 10,
    "dropout": 0.3,
    "hidden_size": 256,
    "train_split": 0.7,
    "val_split": 0.15,
    "test_split": 0.15,
    "random_seed": 42,
    "use_focal_loss": false,
    "focal_alpha": 0.25,
    "focal_gamma": 2.0,
    "use_mixed_precision": true,
    "gradient_checkpointing": true,
    "use_lr_scheduler": false,
    "balance_classes": true
  },
  "best_val_f1": 0.6983154670750383,
  "test_metrics": {
    "loss": 0.6230610455312426,
    "accuracy": 0.590818363273453,
    "precision": 0.5575221238938053,
    "recall": 0.8802395209580839,
    "f1": 0.6826625386996904,
    "roc_auc": 0.6650172708475266,
    "avg_precision": 0.6673984996943471
  },
  "training_history": {
    "train_loss": [
      0.6805744357917407,
      0.6311519416431858,
      0.5642871681651841,
      0.5120562456344089,
      0.44536001321999996,
      0.3612149107231669,
      0.3026060328295786,
      0.25199400748394124,
      0.21309240718614564,
      0.1936043709554799
    ],
    "train_acc": [
      0.5427103403982017,
      0.6088631984585742,
      0.6698779704560052,
      0.7199743095696853,
      0.7681438664097624,
      0.8225219439092272,
      0.8531363733675872,
      0.8779704560051381,
      0.8942410618711196,
      0.9109398415756798
    ],
    "train_f1": [
      0.584920326467159,
      0.6432337434094904,
      0.699883223043986,
      0.7361839451391691,
      0.7764705882352941,
      0.8273276400749844,
      0.8524731182795698,
      0.8773666092943201,
      0.8935803532959931,
      0.9101511879049676
    ],
    "val_loss": [
      0.66946689382432,
      0.6278139584594302,
      0.6095724088095483,
      0.6274170644344792,
      0.6341594353111254,
      0.7640690886829462,
      0.8990775932047871,
      1.0179234817476264,
      1.1039848413377527,
      1.181647312805234
    ],
    "val_acc": [
      0.5224775224775224,
      0.6063936063936064,
      0.6443556443556444,
      0.6053946053946054,
      0.5904095904095904,
      0.6383616383616384,
      0.6393606393606394,
      0.6423576423576424,
      0.6303696303696303,
      0.6383616383616384
    ],
    "val_precision": [
      0.6447368421052632,
      0.56575682382134,
      0.6058823529411764,
      0.6212471131639723,
      0.6271186440677966,
      0.6474358974358975,
      0.6349514563106796,
      0.6354961832061069,
      0.6354166666666666,
      0.6547085201793722
    ],
    "val_recall": [
      0.098,
      0.912,
      0.824,
      0.538,
      0.444,
      0.606,
      0.654,
      0.666,
      0.61,
      0.584
    ],
    "val_f1": [
      0.1701388888888889,
      0.6983154670750383,
      0.6983050847457627,
      0.5766345123258306,
      0.5199063231850117,
      0.6260330578512396,
      0.6443349753694582,
      0.650390625,
      0.6224489795918368,
      0.6173361522198731
    ],
    "val_roc_auc": [
      0.5924171656686628,
      0.6710479041916168,
      0.6782694610778442,
      0.6979381237524951,
      0.7100179640718562,
      0.7102295409181636,
      0.7169760479041916,
      0.7059700598802395,
      0.7120898203592814,
      0.718564870259481
    ],
    "learning_rate": [
      2e-05,
      2e-05,
      2e-05,
      2e-05,
      2e-05,
      2e-05,
      2e-05,
      2e-05,
      2e-05,
      2e-05
    ]
  },
  "timestamp": "2025-10-30 13:57:33"
}