{
  "config": {
    "model_name": "Salesforce/codet5p-220m",
    "data_path": "./ds.jsonl",
    "max_length": 512,
    "batch_size": 8,
    "learning_rate": 1e-05,
    "num_epochs": 30,
    "dropout": 0.3,
    "hidden_size": 256,
    "train_split": 0.7,
    "val_split": 0.15,
    "test_split": 0.15,
    "random_seed": 42,
    "use_focal_loss": true,
    "focal_alpha": 0.25,
    "focal_gamma": 4.0,
    "label_smoothing": 0.1,
    "early_stopping": true,
    "early_stopping_patience": 5,
    "early_stopping_min_delta": 0.0001,
    "lr_warmup_epochs": 2,
    "use_lr_warmup": true,
    "weight_decay": 0.01,
    "gradient_clip": 1.0,
    "freeze_bottom_layers": 3,
    "use_swa": true,
    "swa_start_epoch": 15,
    "balance_classes": true,
    "use_mixed_precision": true,
    "gradient_checkpointing": true
  },
  "best_val_f1": 0.6686522710349962,
  "test_metrics": {
    "loss": 0.010868904343436635,
    "accuracy": 0.5239520958083832,
    "precision": 0.5140845070422535,
    "recall": 0.874251497005988,
    "f1": 0.647450110864745,
    "roc_auc": 0.5348982673375804,
    "avg_precision": 0.5309668603004349
  },
  "training_history": {
    "train_loss": [
      0.014347915060830952,
      0.012651246297811095,
      0.011963490289093747,
      0.011496446451031896,
      0.011244779422381663,
      0.011029462629852637,
      0.010984026196202238,
      0.01096345387935026,
      0.010951958891731521,
      0.010907299153200567,
      0.010846259774104373,
      0.01079058893541614,
      0.010789307682736688,
      0.010718219199103035
    ],
    "train_acc": [
      0.5063155641190323,
      0.5046028687647185,
      0.5193748661956754,
      0.5221579961464354,
      0.5172339970027832,
      0.5240847784200385,
      0.5362877328195247,
      0.5302932990794262,
      0.5275101691286662,
      0.5242988653393278,
      0.5403553842860201,
      0.5487047741383001,
      0.5459216441875402,
      0.5538428602012417
    ],
    "train_f1": [
      0.5057865409344192,
      0.4978298611111111,
      0.5175155813453686,
      0.524904214559387,
      0.5253630814565354,
      0.5255069370330843,
      0.5457214765100671,
      0.5394626364399664,
      0.5340933080008444,
      0.5380457380457381,
      0.5477143459026754,
      0.5657189946435929,
      0.5548793284365162,
      0.5743464052287581
    ],
    "val_loss": [
      0.010869115317565582,
      0.010976150461901275,
      0.010715854509423176,
      0.01071496946471078,
      0.01070572573336817,
      0.010734324424808461,
      0.010716432535518256,
      0.010720149532610935,
      0.010770480895030594,
      0.010725302229975425,
      0.0107480375805781,
      0.010730146504347287,
      0.010733299511706545,
      0.010736868531990146
    ],
    "val_acc": [
      0.5264735264735265,
      0.5284715284715285,
      0.5434565434565435,
      0.5394605394605395,
      0.5514485514485514,
      0.5614385614385614,
      0.5414585414585414,
      0.5574425574425574,
      0.5554445554445554,
      0.5514485514485514,
      0.5524475524475524,
      0.5374625374625375,
      0.5404595404595405,
      0.5384615384615384
    ],
    "val_precision": [
      0.5224913494809689,
      0.5164705882352941,
      0.538878842676311,
      0.5747126436781609,
      0.5722379603399433,
      0.5389527458492975,
      0.5324881141045958,
      0.5418502202643172,
      0.5326215895610913,
      0.544973544973545,
      0.5335917312661499,
      0.5311973018549747,
      0.5273972602739726,
      0.5549132947976878
    ],
    "val_recall": [
      0.604,
      0.878,
      0.596,
      0.3,
      0.404,
      0.844,
      0.672,
      0.738,
      0.898,
      0.618,
      0.826,
      0.63,
      0.77,
      0.384
    ],
    "val_f1": [
      0.5602968460111317,
      0.6503703703703704,
      0.5660018993352327,
      0.39421813403416556,
      0.47362250879249707,
      0.6578332034294622,
      0.5941644562334217,
      0.6248941574936494,
      0.6686522710349962,
      0.5791940018744143,
      0.6483516483516484,
      0.576395242451967,
      0.6260162601626016,
      0.45390070921985815
    ],
    "val_roc_auc": [
      0.5548403193612773,
      0.5566187624750499,
      0.5734151696606786,
      0.5773872255489022,
      0.5777644710578842,
      0.5791516966067864,
      0.5755788423153693,
      0.5748642714570859,
      0.5743712574850298,
      0.5733433133732535,
      0.5712934131736527,
      0.569686626746507,
      0.5690359281437125,
      0.5661457085828343
    ],
    "learning_rate": [
      5e-06,
      1e-05,
      9.968875438971552e-06,
      9.875893165300027e-06,
      9.72222248502642e-06,
      9.509795896116975e-06,
      9.241284786180007e-06,
      8.92006583821675e-06,
      8.550178566873412e-06,
      8.136274519200731e-06,
      7.683558778750916e-06,
      7.197724508631912e-06,
      6.684881356678078e-06,
      6.151478623083756e-06
    ]
  },
  "early_stopped_epoch": 9,
  "timestamp": "2025-10-30 16:09:05"
}