{
  "train_loss": [
    1.0946703945616802,
    1.016807597412531,
    0.9609615714901472,
    0.9189964200767031,
    0.8694338915476286,
    0.850630421978069,
    0.7985447021535194,
    0.7595180821654248,
    0.7445559027601049,
    0.7245136774274933
  ],
  "train_acc": [
    0.6596701649175413,
    0.6841579210394803,
    0.7041479260369815,
    0.7116441779110445,
    0.7236381809095452,
    0.7416291854072964,
    0.7531234382808596,
    0.7656171914042978,
    0.7721139430284858,
    0.7701149425287356
  ],
  "val_acc": [
    0.5976744186046512,
    0.6232558139534884,
    0.6232558139534884,
    0.6302325581395349,
    0.6465116279069767,
    0.6604651162790698,
    0.6697674418604651,
    0.6674418604651163,
    0.6674418604651163,
    0.6627906976744186
  ],
  "val_f1": [
    0.5694120618369095,
    0.6033184506071315,
    0.5958941783412822,
    0.6044997494934596,
    0.6270773464692204,
    0.6274415797401909,
    0.6416527269977662,
    0.648359418917592,
    0.6514118501774868,
    0.6350117946178707
  ]
}