{
  "config": {
    "model_name": "Salesforce/codet5p-220m",
    "data_path": "./ds.jsonl",
    "max_length": 512,
    "batch_size": 8,
    "learning_rate": 2e-05,
    "num_epochs": 10,
    "dropout": 0.3,
    "hidden_size": 256,
    "train_split": 0.7,
    "val_split": 0.15,
    "test_split": 0.15,
    "random_seed": 42,
    "use_focal_loss": true,
    "focal_alpha": 0.25,
    "focal_gamma": 2.0,
    "use_mixed_precision": true,
    "gradient_checkpointing": true,
    "use_lr_scheduler": false,
    "balance_classes": true
  },
  "best_val_f1": 0.6998420221169036,
  "test_metrics": {
    "loss": 0.039719645362643025,
    "accuracy": 0.5998003992015968,
    "precision": 0.5654450261780105,
    "recall": 0.8622754491017964,
    "f1": 0.68300395256917,
    "roc_auc": 0.6694236277943115,
    "avg_precision": 0.6776875038283043
  },
  "training_history": {
    "train_loss": [
      0.04285856856556278,
      0.03901107810526984,
      0.035867706618960694,
      0.03321860840524968,
      0.02948457245995635,
      0.025802056027228674,
      0.02271132043366279,
      0.019025417117219362,
      0.0164630332652849,
      0.014841739177801136
    ],
    "train_acc": [
      0.5407835581245986,
      0.6101477199743096,
      0.6621708413615928,
      0.7019910083493899,
      0.7516591736244915,
      0.7964033397559409,
      0.8298008991650611,
      0.8546349818026119,
      0.8786127167630058,
      0.8957396703061443
    ],
    "train_f1": [
      0.5621555419473362,
      0.6533409480296973,
      0.6965384615384616,
      0.7278060226828315,
      0.7658457811869197,
      0.8077622801697999,
      0.8346161847306012,
      0.8578010471204188,
      0.8808573229670099,
      0.8968438890065664
    ],
    "val_loss": [
      0.04168106931897383,
      0.03844317487840142,
      0.03745882479947001,
      0.03746222492883958,
      0.039891900976986756,
      0.053850811371433785,
      0.049793423990541624,
      0.06878860625438969,
      0.07283161931348923,
      0.07094710871376539
    ],
    "val_acc": [
      0.5314685314685315,
      0.6203796203796204,
      0.6083916083916084,
      0.6463536463536463,
      0.6333666333666333,
      0.6193806193806194,
      0.6143856143856143,
      0.6343656343656343,
      0.6163836163836164,
      0.6233766233766234
    ],
    "val_precision": [
      0.5369928400954654,
      0.5783289817232375,
      0.5688775510204082,
      0.6308243727598566,
      0.6144578313253012,
      0.639344262295082,
      0.6144578313253012,
      0.6231617647058824,
      0.6111111111111112,
      0.6268041237113402
    ],
    "val_recall": [
      0.45,
      0.886,
      0.892,
      0.704,
      0.714,
      0.546,
      0.612,
      0.678,
      0.638,
      0.608
    ],
    "val_f1": [
      0.4896626768226333,
      0.6998420221169036,
      0.6947040498442367,
      0.665406427221172,
      0.6604995374653099,
      0.5889967637540453,
      0.6132264529058116,
      0.6494252873563219,
      0.62426614481409,
      0.617258883248731
    ],
    "val_roc_auc": [
      0.5878582834331336,
      0.6741776447105788,
      0.6819461077844313,
      0.7207165668662674,
      0.7088922155688624,
      0.7041057884231537,
      0.7036387225548902,
      0.7096307385229541,
      0.6928602794411177,
      0.7022934131736527
    ],
    "learning_rate": [
      2e-05,
      2e-05,
      2e-05,
      2e-05,
      2e-05,
      2e-05,
      2e-05,
      2e-05,
      2e-05,
      2e-05
    ]
  },
  "timestamp": "2025-10-30 14:20:35"
}